{
  "part_A_summary": {
    "llama_3_70b": {
      "accuracy": 0.2696272799365583,
      "matched": 1020,
      "total": 3783
    },
    "llama_3_3b": {
      "accuracy": 0.29685434840074015,
      "matched": 1123,
      "total": 3783
    },
    "mistral_7b": {
      "accuracy": 0.2508591065292096,
      "matched": 949,
      "total": 3783
    }
  },
  "all_model_stats": {
    "llama_3_70b": {
      "part_A": {
        "accuracy": 0.2696272799365583,
        "matched": 1020,
        "total": 3783
      },
      "part_B": {
        "gold": {
          "accuracy": 0.4705260375363468,
          "correct": 1780,
          "total": 3783
        },
        "neutral": {
          "accuracy": 0.11736716891356067,
          "correct": 444,
          "total": 3783
        },
        "steered_ref": {
          "accuracy": 0.14327253502511234,
          "correct": 542,
          "total": 3783
        },
        "steered_model": {
          "accuracy": 0.6434047052603754,
          "correct": 2434,
          "total": 3783
        }
      }
    },
    "llama_3_3b": {
      "part_A": {
        "accuracy": 0.29685434840074015,
        "matched": 1123,
        "total": 3783
      },
      "part_B": {
        "gold": {
          "accuracy": 0.4705260375363468,
          "correct": 1780,
          "total": 3783
        },
        "neutral": {
          "accuracy": 0.11842453079566481,
          "correct": 448,
          "total": 3783
        },
        "steered_ref": {
          "accuracy": 0.16494845360824742,
          "correct": 624,
          "total": 3783
        },
        "steered_model": {
          "accuracy": 0.5701823949246629,
          "correct": 2157,
          "total": 3783
        }
      }
    },
    "mistral_7b": {
      "part_A": {
        "accuracy": 0.2508591065292096,
        "matched": 949,
        "total": 3783
      },
      "part_B": {
        "gold": {
          "accuracy": 0.4705260375363468,
          "correct": 1780,
          "total": 3783
        },
        "neutral": {
          "accuracy": 0.13507798043880517,
          "correct": 511,
          "total": 3783
        },
        "steered_ref": {
          "accuracy": 0.15014538725878931,
          "correct": 568,
          "total": 3783
        },
        "steered_model": {
          "accuracy": 0.570975416336241,
          "correct": 2160,
          "total": 3783
        }
      }
    }
  }
}