{
  "utmos_mean": 4.027685333490371,
  "utmos_median": 4.233935594558716,
  "utmos_min": 1.623829960823059,
  "utmos_max": 4.458284854888916,
  "utmos_std": 0.5593558116198425,
  "sar_mean": -20.138187288189076,
  "sar_median": -19.859905469829076,
  "sar_min": -32.31922505032823,
  "sar_max": -12.728169263567665,
  "sar_std": 3.777112176864193,
  "stoi_mean": 0.04406974839453216,
  "stoi_median": 0.0482162038470917,
  "stoi_min": -0.46218242434781626,
  "stoi_max": 0.26554487015011746,
  "stoi_std": 0.11126679590712536,
  "si_snr_mean": -46.46670209884643,
  "si_snr_median": -46.18780708312988,
  "si_snr_min": -89.87022399902344,
  "si_snr_max": -26.617231369018555,
  "si_snr_std": 11.03398706993629,
  "pesq_mean": 1.0962038004398347,
  "pesq_median": 1.061932384967804,
  "pesq_min": 1.022398591041565,
  "pesq_max": 1.6800270080566406,
  "pesq_std": 0.10457485703634606,
  "sdr_mean": -20.138187288189076,
  "sdr_median": -19.859905469829076,
  "sdr_min": -32.31922505032823,
  "sdr_max": -12.728169263567665,
  "sdr_std": 3.777112176864193,
  "ci_sdr_mean": -20.089390382766723,
  "ci_sdr_median": -19.739160537719727,
  "ci_sdr_min": -32.31927490234375,
  "ci_sdr_max": -12.728171348571777,
  "ci_sdr_std": 3.7409251966346564,
  "combined_quality_score": 3.15236389359406,
  "intelligibility_score": 0.19629113717170132
}