{
  "part_A": {
    "accuracy": 0.3631410256410256,
    "matched": 1133,
    "total": 3120
  },
  "part_B": {
    "gold": {
      "accuracy": 0.5230769230769231,
      "correct": 1632,
      "total": 3120
    },
    "neutral": {
      "accuracy": 0.3782051282051282,
      "correct": 1180,
      "total": 3120
    },
    "steered_ref": {
      "accuracy": 0.3371794871794872,
      "correct": 1052,
      "total": 3120
    },
    "steered_model": {
      "accuracy": 0.555448717948718,
      "correct": 1733,
      "total": 3120
    }
  }
}